"Display Name ","Inventory Item: Size ","Inventory Item: Wheel Size ","Inventory Item: Price Point ","Inventory Item: Web Category ",Current Quantity Available
GS_Bayswater_Storm 4 29 LG Cavalry Blue,,,Bikes 0400 - 0700,,1
GS_Bayswater_Big Seven 60 SM Purple,,,Bikes 0700 - 1000,,1
GT21 16 Siren Gloss Pitch Green,,"16""",Bikes 0 - 0400,"Root Catalog/Bikes/Kids Bikes/16"" Wheel (84 - 112cm)",3
GT21 20 Siren Gloss Pitch Green,,"20""",Bikes 0 - 0400,"Root Catalog/Bikes/Kids Bikes/20"" Wheel (108 - 129cm)",2
Dahon 21 Vybe D7 Red,,"20""",Bikes 0700 - 1000,Root Catalog/Bikes/Commuter & Recreation Bikes/Folding,1
Dahon 21 Mariner D8 Silver,,"20""",Bikes 0700 - 1000,Root Catalog/Bikes/Commuter & Recreation Bikes/Folding,1
Pedal Messenger Tokyo 58cm,LG,,Bikes 0 - 0400,Root Catalog/Bikes/Commuter & Recreation Bikes/Flatbar Road,4
Pedal Messenger Gotham 58cm,LG,,Bikes 0 - 0400,Root Catalog/Bikes/Commuter & Recreation Bikes/Flatbar Road,2
Silverback 21 Stride Delight 29 LG 46cm Black/Red,LG,,Bikes 0400 - 0700,Root Catalog/Bikes/Mountain Bikes/Hardtail,1
Cube 21 Aim Pro 29 LG black n blue,LG,,Bikes 0400 - 0700,Root Catalog/Bikes/Mountain Bikes/27.5 inch,1
Silverback 21 Stride Se 27.5 LG 46cm Orange/Black,LG,,Bikes 0400 - 0700,Root Catalog/Bikes/Mountain Bikes/27.5 inch,1
Norco Scene 3 Blue 2019 LG,LG,,Bikes 0400 - 0700,Root Catalog/Bikes/Commuter & Recreation Bikes/Hybrid,1
Bike18 Norco Yorkville ST C1 Black Silver LG,LG,,Bikes 0400 - 0700,Root Catalog/Bikes/Commuter & Recreation Bikes/Hybrid,1
Bike18 Norco Yorkville Charcoal Black LG,LG,,Bikes 0400 - 0700,Root Catalog/Bikes/Commuter & Recreation Bikes/Flatbar Road,1
Pedal Messenger 3 Berlin Midnight Blue 58cm,LG,,Bikes 0400 - 0700,Root Catalog/Bikes/Commuter & Recreation Bikes/Flatbar Road,2
Silverback 21 Stride Sport 29 LG 46cm Anthracite/Gloss Lime,LG,,Bikes 0700 - 1000,Root Catalog/Bikes/Mountain Bikes/27.5 inch,1
Norco20 Scene 3 Sunburst Yellow LG,LG,,Bikes 0700 - 1000,Root Catalog/Bikes/Commuter & Recreation Bikes/Hybrid,1
Bike18 Norco Scene 3 Wet Cement Grey LG,LG,,Bikes 0700 - 1000,Root Catalog/Bikes/Commuter & Recreation Bikes/Hybrid,1
Bike18 Norco Scene 3 W Raspberry Pink LG,LG,,Bikes 0700 - 1000,Root Catalog/Bikes/Commuter & Recreation Bikes/Hybrid,1
Norco Scene VLT 27.5 Black Silver 2020 LG,LG,,Bikes 3000 - 4000,Root Catalog/Bikes/Commuter & Recreation Bikes/Hybrid,1
Merida21 Matts 6.5 V LG Red Black,LG,"26""",Bikes 0400 - 0700,"Root Catalog/Bikes/Kids Bikes/26"" Wheel (145 - 160cm)",1
Merida21 Matts 6.5 V LG Black Green,LG,"26""",Bikes 0400 - 0700,"Root Catalog/Bikes/Kids Bikes/26"" Wheel (145 - 160cm)",2
Norco 21 Storm 3 29 LG Charcoal/Silver,LG,"29""",Bikes 0700 - 1000,Root Catalog/Bikes/Mountain Bikes/Hardtail,1
Merida21 Big Nine 60 LG Matt Bronze Black,LG,"29""",Bikes 0700 - 1000,Root Catalog/Bikes/Mountain Bikes/Hardtail,2
Merida21 Big Nine 20 LG Matt Anthracite Silver,LG,"29""",Bikes 0700 - 1000,Root Catalog/Bikes/Mountain Bikes/Hardtail,2
Merida21 Big Nine 20 LG Matt Fog Green Moss Green,LG,"29""",Bikes 0700 - 1000,Root Catalog/Bikes/Mountain Bikes/Hardtail,2
Silverback 21 Stride Comp 29 LG 46cm Grey/Gloss Lime,LG,"29""",Bikes 0700 - 1000,Root Catalog/Bikes/Mountain Bikes/Hardtail,1
Merida21 Speeder 20 LG Anthracite Black,LG,"29""",Bikes 0700 - 1000,Root Catalog/Bikes/Commuter & Recreation Bikes/Flatbar Road,1
Merida21 Big Nine 100 LG Anthracite Black,LG,"29""",Bikes 1000 - 1500,Root Catalog/Bikes/Mountain Bikes/Hardtail,1
Merida21 Big Nine SLX Edition LG Anthracite Black,LG,"29""",Bikes 1500 - 2000,Root Catalog/Bikes/Mountain Bikes/Hardtail,1
Norco 21 Fluid FS 3 29 LG Black/Charcoal,LG,"29""",Bikes 2000 - 3000,Root Catalog/Bikes/Mountain Bikes/Dual Suspension,1
Merida21 One Twenty 600 LG Matt Grey Glossy Black,LG,"29""",Bikes 3000 - 4000,Root Catalog/Bikes/Mountain Bikes/Dual Suspension,1
Norco 21 Sight A2 29 LG Red/Silver,LG,"29""",Bikes 5000 - 7000,Root Catalog/Bikes/Mountain Bikes/Dual Suspension,1
Pedal Pursuit 2 Metallic Blue 54cm,LG,700c,Bikes 0400 - 0700,Root Catalog/Bikes/Road Bikes/Drop Bar Road,2
Pedal Raven 2 Dark Red 54cm,LG,700c,Bikes 0400 - 0700,Root Catalog/Bikes/Commuter & Recreation Bikes/Hybrid,1
Pedal Jet 2 Black 54cm,LG,700c,Bikes 0400 - 0700,Root Catalog/Bikes/Commuter & Recreation Bikes/Flatbar Road,2
Pedal Raider 2 Navy Tan 58cm,LG,700c,Bikes 0700 - 1000,Root Catalog/Bikes/Road Bikes/Drop Bar Road,1
Merida21 Crossway 100 LG Glossy Black Matt Silver,LG,700c,Bikes 0700 - 1000,Root Catalog/Bikes/Commuter & Recreation Bikes/Hybrid,1
Merida21 Crossway 20 LG Silk Anthracite Grey Black,LG,700c,Bikes 0700 - 1000,Root Catalog/Bikes/Commuter & Recreation Bikes/Hybrid,1
Merida21 Scultura Rim 100 LG Silk Titan Black Green,LG,700c,Bikes 1000 - 1500,Root Catalog/Bikes/Road Bikes/Drop Bar Road,2
Merida21 Speeder 100 LG Dark Blue Blue White,LG,700c,Bikes 1000 - 1500,Root Catalog/Bikes/Commuter & Recreation Bikes/Flatbar Road,1
Merida21 Scultura Rim 400 LG Metallic Black Grey,LG,700c,Bikes 1500 - 2000,Root Catalog/Bikes/Road Bikes/Drop Bar Road,2
Norco 21 Search XR A1 LG Orange/Grey,LG,700c,Bikes 2000 - 3000,Root Catalog/Bikes/Road Bikes/Adventure Road,1
Merida21 eSpresso 300 SE EQ 504Wh LG Anthracite Black,LG,700c,Bikes 3000 - 4000,Root Catalog/Electric Bikes/Electric Hybrid Bikes,1
Merida21 eOne Sixty 700 LG Glossy Metallic Teal Anthracite,LG,"29"" / 27.5""",Bikes 7000 plus,Root Catalog/Electric Bikes/Electric Mountain Bikes/Electric Dual Suspension Mountain Bike,1
Merida21 Big Seven 20 LG Teal Blue Lime,LG,"27.5"" (650b)",Bikes 0700 - 1000,Root Catalog/Bikes/Mountain Bikes/27.5 inch,1
Merida21 Big Seven 60 LG Purple Teal Blue,LG,"27.5"" (650b)",Bikes 0700 - 1000,Root Catalog/Bikes/Mountain Bikes/27.5 inch,1
Merida21 Matts 7.70 LG Orange Red,LG,"27.5"" (650b)",Bikes 1000 - 1500,Root Catalog/Bikes/Mountain Bikes/27.5 inch,1
Merida21 One Forty 700 LG Glossy Race Red Black,LG,"27.5"" (650b)",Bikes 3000 - 4000,Root Catalog/Bikes/Mountain Bikes/Dual Suspension,2
Pedal Messenger Tokyo 55cm,MD,,Bikes 0 - 0400,Root Catalog/Bikes/Commuter & Recreation Bikes/Flatbar Road,1
Pedal Messenger Gotham 55cm,MD,,Bikes 0 - 0400,Root Catalog/Bikes/Commuter & Recreation Bikes/Flatbar Road,1
Norco 20 Sight VLT C2 MD 27.5 Deep Red EU,MD,,Bikes 7000 plus,Root Catalog/Electric Bikes/Electric Mountain Bikes,1
Silverback 21 Stride Delight 29 MD 42cm Black/Red,MD,,Bikes 0400 - 0700,Root Catalog/Bikes/Mountain Bikes/Hardtail,2
Silverback 21 Stride Se 27.5 MD 42cm Orange/Black,MD,,Bikes 0400 - 0700,Root Catalog/Bikes/Mountain Bikes/27.5 inch,1
Pedal Messenger 3 Berlin Midnight Blue 55cm,MD,,Bikes 0400 - 0700,Root Catalog/Bikes/Commuter & Recreation Bikes/Flatbar Road,1
Cube 21 Aim Pro 29 MD black n blue,MD,,Bikes 0700 - 1000,Root Catalog/Bikes/Mountain Bikes/27.5 inch,1
Silverback 21 Stride Sport 29 MD 42cm Anthracite/Gloss Lime,MD,,Bikes 0700 - 1000,Root Catalog/Bikes/Mountain Bikes/27.5 inch,1
Norco Scene 3 Blue 2019 MD,MD,,Bikes 0700 - 1000,Root Catalog/Bikes/Commuter & Recreation Bikes/Hybrid,1
Norco20 Scene 3 Sunburst Yellow MD,MD,,Bikes 0700 - 1000,Root Catalog/Bikes/Commuter & Recreation Bikes/Hybrid,1
Bike18 Norco Scene 3 Wet Cement Grey MD,MD,,Bikes 0700 - 1000,Root Catalog/Bikes/Commuter & Recreation Bikes/Hybrid,1
Cube 21 Attention SL 29 MD black n grey,MD,,Bikes 1000 - 1500,Root Catalog/Bikes/Mountain Bikes/27.5 inch,1
Norco Scene VLT 27.5 Blue Yellow 2020 MD,MD,,Bikes 3000 - 4000,Root Catalog/Electric Bikes/Electric Hybrid Bikes,1
Norco Scene VLT 27.5 Black Silver 2020 MD,MD,,Bikes 3000 - 4000,Root Catalog/Bikes/Commuter & Recreation Bikes/Hybrid,1
Merida21 Matts 6.5 V MD Red Black,MD,"26""",Bikes 0400 - 0700,"Root Catalog/Bikes/Kids Bikes/26"" Wheel (145 - 160cm)",1
Merida21 Matts 6.5 V MD Black Green,MD,"26""",Bikes 0400 - 0700,"Root Catalog/Bikes/Kids Bikes/26"" Wheel (145 - 160cm)",1
Norco 2021 Storm 4 29 MD Black/Charcoal,MD,"29""",Bikes 0400 - 0700,Root Catalog/Bikes/Mountain Bikes/Hardtail,2
Norco 2021 Storm 5 29 MD Burnt Orange/Charcoal,MD,"29""",Bikes 0400 - 0700,Root Catalog/Bikes/Mountain Bikes/Hardtail,1
Norco 21 Storm 3 29 MD Charcoal/Silver,MD,"29""",Bikes 0700 - 1000,Root Catalog/Bikes/Mountain Bikes/Hardtail,1
Merida21 Big Nine 60 MD Matt Bronze Black,MD,"29""",Bikes 0700 - 1000,Root Catalog/Bikes/Mountain Bikes/Hardtail,2
Merida21 Big Nine 20 MD Matt Anthracite Silver,MD,"29""",Bikes 0700 - 1000,Root Catalog/Bikes/Mountain Bikes/Hardtail,2
Merida21 Big Nine 20 MD Matt Fog Green Moss Green,MD,"29""",Bikes 0700 - 1000,Root Catalog/Bikes/Mountain Bikes/Hardtail,2
Silverback 21 Stride Comp 29 MD 42cm Grey/Gloss Lime,MD,"29""",Bikes 0700 - 1000,Root Catalog/Bikes/Mountain Bikes/Hardtail,2
Merida21 Big Nine 300 MD Orange Black,MD,"29""",Bikes 1000 - 1500,Root Catalog/Bikes/Mountain Bikes/Hardtail,1
Pedal Pursuit 2 Metallic Blue 51cm,MD,700c,Bikes 0400 - 0700,Root Catalog/Bikes/Road Bikes/Drop Bar Road,1
Pedal Jet 2 Black 51cm,MD,700c,Bikes 0400 - 0700,Root Catalog/Bikes/Commuter & Recreation Bikes/Flatbar Road,1
Merida21 Crossway 100 MD Glossy Black Matt Silver,MD,700c,Bikes 0700 - 1000,Root Catalog/Bikes/Commuter & Recreation Bikes/Hybrid,1
Merida21 Crossway 20 MD Silk Anthracite Grey Black,MD,700c,Bikes 0700 - 1000,Root Catalog/Bikes/Commuter & Recreation Bikes/Hybrid,2
Norco 21 Indie 4 MD Grey/Black,MD,700c,Bikes 0700 - 1000,Root Catalog/Bikes/Commuter & Recreation Bikes/Flatbar Road,1
BMC21 Roadmachine Two Carbon White Red MD,MD,700c,Bikes 5000 - 7000,Root Catalog/Bikes/Road Bikes/Drop Bar Road,1
KTM 21 Macina Kapoho Elite MD Metallic Grey,MD,"29"" / 27.5""",Bikes 7000 plus,Root Catalog/Electric Bikes/Electric Mountain Bikes/Electric Dual Suspension Mountain Bike,1
Merida21 eOne Sixty 700 MD Glossy Metallic Teal Anthracite,MD,"29"" / 27.5""",Bikes 7000 plus,Root Catalog/Electric Bikes/Electric Mountain Bikes/Electric Dual Suspension Mountain Bike,2
Pedal Thrasher 3 Black Red 18in,MD,"27.5"" (650b)",Bikes 0400 - 0700,Root Catalog/Bikes/Mountain Bikes/27.5 inch,1
Merida21 Big Seven 20 MD Teal Blue Lime,MD,"27.5"" (650b)",Bikes 0400 - 0700,Root Catalog/Bikes/Mountain Bikes/27.5 inch,1
Merida21 Big Seven 10 D MD Anthracite Green Silver,MD,"27.5"" (650b)",Bikes 0400 - 0700,Root Catalog/Bikes/Mountain Bikes/27.5 inch,2
Merida21 Big Seven 60 MD Purple Teal Blue,MD,"27.5"" (650b)",Bikes 0700 - 1000,Root Catalog/Bikes/Mountain Bikes/27.5 inch,1
Norco 21 Scene VLT MD Green/Green,MD,"27.5"" (650b)",Bikes 3000 - 4000,Root Catalog/Electric Bikes/Electric Hybrid Bikes,1
KTM 21 Macina Lycan 272 MD Metallic Black,MD,"27.5"" (650b)",Bikes 5000 - 7000,,1
Pedal Messenger Tokyo 52cm,SM,,Bikes 0 - 0400,Root Catalog/Bikes/Commuter & Recreation Bikes/Flatbar Road,2
Pedal Messenger Gotham 52cm,SM,,Bikes 0 - 0400,Root Catalog/Bikes/Commuter & Recreation Bikes/Flatbar Road,1
Radius Targa 20 Matte Red Black 2019 14.5in,SM,,Bikes 0400 - 0700,Root Catalog/Bikes/Mountain Bikes/27.5 inch,1
Norco Scene 3 Blue 2019 SM,SM,,Bikes 0400 - 0700,Root Catalog/Bikes/Commuter & Recreation Bikes/Hybrid,1
Pedal Messenger 3 Berlin Midnight Blue 52cm,SM,,Bikes 0400 - 0700,Root Catalog/Bikes/Commuter & Recreation Bikes/Flatbar Road,1
19Apollo Trace 10 Matte Charcoal Matte Black Matte Lime 15.5in,SM,,Bikes 0400 - 0700,Root Catalog/Bikes/Commuter & Recreation Bikes/Flatbar Road,1
Silverback 21 Stride Sport 27 SM 38cm Anthracite/Gloss Lime,SM,,Bikes 0700 - 1000,Root Catalog/Bikes/Mountain Bikes/27.5 inch,1
Norco20 Scene 3 Sunburst Yellow SM,SM,,Bikes 0700 - 1000,Root Catalog/Bikes/Commuter & Recreation Bikes/Hybrid,1
Norco Scene VLT 27.5 Blue Yellow 2020 SM,SM,,Bikes 3000 - 4000,Root Catalog/Electric Bikes/Electric Hybrid Bikes,2
Norco Scene VLT 27.5 Black Silver 2020 SM,SM,,Bikes 3000 - 4000,Root Catalog/Bikes/Commuter & Recreation Bikes/Hybrid,1
GS_BAYSW_Norco OPTIC C3 SM,SM,,Bikes 4000 - 5000,,1
Merida21 Matts 6.5 V SM Red Black,SM,"26""",Bikes 0400 - 0700,"Root Catalog/Bikes/Kids Bikes/26"" Wheel (145 - 160cm)",1
Merida21 Matts 6.5 V SM Black Green,SM,"26""",Bikes 0400 - 0700,"Root Catalog/Bikes/Kids Bikes/26"" Wheel (145 - 160cm)",2
Merida21 Speeder 20 SM Anthracite Black,SM,"29""",Bikes 0700 - 1000,Root Catalog/Bikes/Commuter & Recreation Bikes/Flatbar Road,1
Pedal Pursuit 2 Metallic Blue 47cm,SM,700c,Bikes 0400 - 0700,Root Catalog/Bikes/Road Bikes/Drop Bar Road,1
Pedal Raven 2 Dark Red 48cm,SM,700c,Bikes 0400 - 0700,Root Catalog/Bikes/Commuter & Recreation Bikes/Hybrid,1
Norco 21 XFR 3 SM Green/Black,SM,700c,Bikes 0400 - 0700,Root Catalog/Bikes/Commuter & Recreation Bikes/Hybrid,1
Merida21 Crossway 10 V SM Silk Anthracite Grey Black,SM,700c,Bikes 0400 - 0700,Root Catalog/Bikes/Commuter & Recreation Bikes/Hybrid,1
Pedal Jet 2 Black 48cm,SM,700c,Bikes 0400 - 0700,Root Catalog/Bikes/Commuter & Recreation Bikes/Flatbar Road,2
Merida21 Crossway 40 SM Xmas Red Black,SM,700c,Bikes 0700 - 1000,Root Catalog/Bikes/Commuter & Recreation Bikes/Hybrid,1
Merida21 Crossway 20 SM Silk Anthracite Grey Black,SM,700c,Bikes 0700 - 1000,Root Catalog/Bikes/Commuter & Recreation Bikes/Hybrid,2
Merida21 Speeder 100 SM Dark Blue Blue White,SM,700c,Bikes 1000 - 1500,Root Catalog/Bikes/Commuter & Recreation Bikes/Flatbar Road,1
Merida21 Speeder 100 SM Matt Cool Grey Blue Red,SM,700c,Bikes 1000 - 1500,Root Catalog/Bikes/Commuter & Recreation Bikes/Flatbar Road,1
Cube 21 Nature Hybrid ONE 400 SM black n red,SM,700c,Bikes 2000 - 3000,Root Catalog/Electric Bikes/Electric Hybrid Bikes,1
Merida21 eSpresso City 400 EQ SM Silk Blue Black,SM,700c,Bikes 4000 - 5000,Root Catalog/Electric Bikes/Electric Hybrid Bikes,1
Pedal Thrasher 3 Black Red 17in,SM,"27.5"" (650b)",Bikes 0400 - 0700,Root Catalog/Bikes/Mountain Bikes/27.5 inch,2
Merida21 Big Seven 10 MD SM Race Red White,SM,"27.5"" (650b)",Bikes 0400 - 0700,Root Catalog/Bikes/Mountain Bikes/27.5 inch,1
Merida21 Big Seven 10 D SM Anthracite Green Silver,SM,"27.5"" (650b)",Bikes 0400 - 0700,Root Catalog/Bikes/Mountain Bikes/27.5 inch,2
Silverback 21 Stride Comp 27 SM 38cm Grey/Gloss Lime,SM,"27.5"" (650b)",Bikes 0700 - 1000,Root Catalog/Bikes/Mountain Bikes/Hardtail,1
Norco 21 Storm 3 27 SM Charcoal/Silver,SM,"27.5"" (650b)",Bikes 0700 - 1000,Root Catalog/Bikes/Mountain Bikes/27.5 inch,1
Merida21 Big Seven 20 SM Teal Blue Lime,SM,"27.5"" (650b)",Bikes 0700 - 1000,Root Catalog/Bikes/Mountain Bikes/27.5 inch,2
Merida21 Big Seven 60 SM Purple Teal Blue,SM,"27.5"" (650b)",Bikes 0700 - 1000,Root Catalog/Bikes/Mountain Bikes/27.5 inch,1
Merida21 Big Seven 60 SM Matt Bronze Black,SM,"27.5"" (650b)",Bikes 0700 - 1000,Root Catalog/Bikes/Mountain Bikes/27.5 inch,1
Merida21 Big Seven 20 SM Matt Anthracite Silver,SM,"27.5"" (650b)",Bikes 0700 - 1000,Root Catalog/Bikes/Mountain Bikes/27.5 inch,1
Merida21 Big Seven 100 SM Anthracite Black,SM,"27.5"" (650b)",Bikes 1000 - 1500,Root Catalog/Bikes/Mountain Bikes/27.5 inch,2
Norco 21 Scene VLT SM Green/Green,SM,"27.5"" (650b)",Bikes 3000 - 4000,Root Catalog/Electric Bikes/Electric Hybrid Bikes,1
Norco Sight VLT C1 29 Slate Blue Orange 2020 XL,XL,,Bikes 7000 plus,Root Catalog/Electric Bikes/Electric Mountain Bikes/Electric Dual Suspension Mountain Bike,1
Silverback 21 Stride Delight 29 XL 50cm Black/Red,XL,,Bikes 0400 - 0700,Root Catalog/Bikes/Mountain Bikes/Hardtail,1
Silverback 21 Stride Se 27.5 XL 50cm Orange/Black,XL,,Bikes 0400 - 0700,Root Catalog/Bikes/Mountain Bikes/27.5 inch,1
Silverback 21 Stride Sport 29 XL 50cm Anthracite/Gloss Lime,XL,,Bikes 0700 - 1000,Root Catalog/Bikes/Mountain Bikes/27.5 inch,1
Merida21 Big Nine 60 XL Matt Bronze Black,XL,"29""",Bikes 0700 - 1000,Root Catalog/Bikes/Mountain Bikes/Hardtail,1
Merida21 Big Nine 20 XL Matt Anthracite Silver,XL,"29""",Bikes 0700 - 1000,Root Catalog/Bikes/Mountain Bikes/Hardtail,2
Silverback 21 Stride Comp 29 XL 50cm Grey/Gloss Lime,XL,"29""",Bikes 0700 - 1000,Root Catalog/Bikes/Mountain Bikes/Hardtail,2
Merida21 Big Nine 100 XL Anthracite Black,XL,"29""",Bikes 1000 - 1500,Root Catalog/Bikes/Mountain Bikes/Hardtail,1
Merida21 Scultura Rim 400 XL Metallic Black Grey,XL,700c,Bikes 1500 - 2000,Root Catalog/Bikes/Road Bikes/Drop Bar Road,1
Norco 21 Scene 2 XL Blue/Black,XL,"27.5"" (650b)",Bikes 0700 - 1000,Root Catalog/Bikes/Commuter & Recreation Bikes/Hybrid,1
Silverback 21 Stride Delight 27 XS 35cm Black/Red,XS,,Bikes 0400 - 0700,Root Catalog/Bikes/Mountain Bikes/Hardtail,1
Apollo Summit 10 Gloss Black Gloss Lime Gloss Blue 2019 13in,XS,,Bikes 0400 - 0700,Root Catalog/Bikes/Mountain Bikes/Hardtail,1
Silverback 21 Stride Sport 27 XS 35cm Anthracite/Gloss Lime,XS,,Bikes 0700 - 1000,Root Catalog/Bikes/Mountain Bikes/27.5 inch,1
Merida21 Matts 6.5 V XS Red Black,XS,"26""",Bikes 0400 - 0700,"Root Catalog/Bikes/Kids Bikes/26"" Wheel (145 - 160cm)",5
Merida21 Matts 6.5 V XS Black Green,XS,"26""",Bikes 0400 - 0700,"Root Catalog/Bikes/Kids Bikes/26"" Wheel (145 - 160cm)",12
Merida21 Crossway 20 XS Silk Anthracite Grey Black,XS,700c,Bikes 0700 - 1000,Root Catalog/Bikes/Commuter & Recreation Bikes/Hybrid,1
Merida21 Speeder 100 XS Dark Blue Blue White,XS,700c,Bikes 1000 - 1500,Root Catalog/Bikes/Commuter & Recreation Bikes/Flatbar Road,1
Pedal Raptor Black Green 14in,XS,"27.5"" (650b)",Bikes 0 - 0400,Root Catalog/Bikes/Mountain Bikes/27.5 inch,1
Pedal Thrasher 3 Black Red 15in,XS,"27.5"" (650b)",Bikes 0400 - 0700,Root Catalog/Bikes/Mountain Bikes/27.5 inch,1
Norco 2021 Storm 5 27.5 XS Silver/Black,XS,"27.5"" (650b)",Bikes 0400 - 0700,Root Catalog/Bikes/Mountain Bikes/27.5 inch,1
Norco 2021 Storm 4 27.5 XS Cavalry Blue/Black,XS,"27.5"" (650b)",Bikes 0400 - 0700,Root Catalog/Bikes/Mountain Bikes/27.5 inch,1
Norco 2021 Storm 5 27.5 XS Burnt Orange/Charcoal,XS,"27.5"" (650b)",Bikes 0400 - 0700,Root Catalog/Bikes/Mountain Bikes/27.5 inch,1
Merida21 Big Seven 10 D XS Anthracite Green Silver,XS,"27.5"" (650b)",Bikes 0400 - 0700,Root Catalog/Bikes/Mountain Bikes/27.5 inch,1
Silverback 21 Stride Comp 27 XS 35cm Grey/Gloss Lime,XS,"27.5"" (650b)",Bikes 0700 - 1000,Root Catalog/Bikes/Mountain Bikes/Hardtail,1
Merida21 Big Seven 20 XS Matt Anthracite Silver,XS,"27.5"" (650b)",Bikes 0700 - 1000,Root Catalog/Bikes/Mountain Bikes/27.5 inch,1
Velectrix Foldaway Red 2020,UNI,"20""",Bikes 1500 - 2000,Root Catalog/Bikes/Commuter & Recreation Bikes/Folding,2
Velectrix Foldaway Grey 2020,UNI,"20""",Bikes 1500 - 2000,Root Catalog/Bikes/Commuter & Recreation Bikes/Folding,1
Pedal Copacabana Matt Black,UNI,"26""",Bikes 0 - 0400,Root Catalog/Bikes/Cruiser Bikes,1
XDS E-Voke Hub-Drive Hybrid E-Bike 700c 18in Mens,UNI,700c,Bikes 3000 - 4000,,1
Silverback 21 Splash Delight 27 48cm Watermelon,WLG,,Bikes 0400 - 0700,Root Catalog/Bikes/Mountain Bikes/27.5 inch,1
Pedal Uptown DLX Light Blue 18in,WMD,,Bikes 0400 - 0700,Root Catalog/Bikes/Cruiser Bikes,1
Silverback 21 Splash 27.5 Se 43cm Black/Watermelon,WMD,,Bikes 0400 - 0700,Root Catalog/Bikes/Mountain Bikes/27.5 inch,1
Bike18 Norco Yorkville ST C2 Blue Silver WMD,WMD,,Bikes 0400 - 0700,Root Catalog/Bikes/Commuter & Recreation Bikes/Hybrid,2
Bike18 Norco Yorkville ST C1 Black Silver WMD,WMD,,Bikes 0400 - 0700,Root Catalog/Bikes/Commuter & Recreation Bikes/Hybrid,2
Bike18 Norco Scene 3 Raspberry Pink WMD,WMD,,Bikes 0700 - 1000,Root Catalog/Bikes/Commuter & Recreation Bikes/Hybrid,1
Merida21 Matts 6.5 V 17in Glossy Teal Blue Black,WMD,"26""",Bikes 0400 - 0700,"Root Catalog/Bikes/Kids Bikes/26"" Wheel (145 - 160cm)",2
Merida21 Speeder 20 W WMD Matt Blue White,WMD,"29""",Bikes 0700 - 1000,Root Catalog/Bikes/Commuter & Recreation Bikes/Flatbar Road,1
Pedal Uptown Classic Blue  19in,WMD,700c,Bikes 0 - 0400,Root Catalog/Bikes/Cruiser Bikes,1
Pedal Uptown Classic Black  19in,WMD,700c,Bikes 0 - 0400,Root Catalog/Bikes/Cruiser Bikes,1
Pedal Uptown Classic Green  19in,WMD,700c,Bikes 0 - 0400,Root Catalog/Bikes/Cruiser Bikes,1
Pedal Uptown Classic White  19in,WMD,700c,Bikes 0 - 0400,Root Catalog/Bikes/Cruiser Bikes,1
Pedal Uptown Classic Rose Gold  19in,WMD,700c,Bikes 0 - 0400,Root Catalog/Bikes/Commuter & Recreation Bikes,1
Pedal Uptown DLX Rose Gold 18in,WMD,700c,Bikes 0400 - 0700,Root Catalog/Bikes/Cruiser Bikes,1
Pedal Uptown DLX Mint Green 18in,WMD,700c,Bikes 0400 - 0700,Root Catalog/Bikes/Cruiser Bikes,2
Pedal Jet 2  Mint WMD,WMD,700c,Bikes 0400 - 0700,Root Catalog/Bikes/Commuter & Recreation Bikes/Flatbar Road,1
Merida21 Speeder 10 V W WMD Glossy Grey Black Teal,WMD,700c,Bikes 0400 - 0700,Root Catalog/Bikes/Commuter & Recreation Bikes/Flatbar Road,1
Pedal Ranger 3 Lilac Teal 17in,WMD,"27.5"" (650b)",Bikes 0 - 0400,Root Catalog/Bikes/Mountain Bikes/27.5 inch,1
Merida21 Matts 7.10 D 17in Blue Teal,WMD,"27.5"" (650b)",Bikes 0400 - 0700,Root Catalog/Bikes/Mountain Bikes/27.5 inch,2
Pedal Uptown DLX Light Blue 16.5in,WSM,,Bikes 0400 - 0700,Root Catalog/Bikes/Cruiser Bikes,1
Silverback 21 Splash Delight 27 38cm Watermelon,WSM,,Bikes 0400 - 0700,Root Catalog/Bikes/Mountain Bikes/27.5 inch,1
Silverback 21 Splash 27.5 Se 38cm Black/Watermelon,WSM,,Bikes 0400 - 0700,Root Catalog/Bikes/Mountain Bikes/27.5 inch,1
Bike18 Norco Yorkville ST C2 Blue Silver WSM,WSM,,Bikes 0400 - 0700,Root Catalog/Bikes/Commuter & Recreation Bikes/Hybrid,1
Bike18 Norco Yorkville ST C1 Black Silver WSM,WSM,,Bikes 0400 - 0700,Root Catalog/Bikes/Commuter & Recreation Bikes/Hybrid,2
19Apollo Trace 10 WS Matte Charcoal Black Pink 17in,WSM,,Bikes 0400 - 0700,Root Catalog/Bikes/Commuter & Recreation Bikes/Flatbar Road,1
Bike18 Norco Scene 3 Raspberry Pink WSM,WSM,,Bikes 0700 - 1000,Root Catalog/Bikes/Commuter & Recreation Bikes/Hybrid,1
19Apollo Trace 20 WS Matte Charcoal Black Turquoise 17in,WSM,,Bikes 0700 - 1000,Root Catalog/Bikes/Commuter & Recreation Bikes/Flatbar Road,1
Pedal Uptown ELC Sage,WSM,,Bikes 1000 - 1500,Root Catalog/Electric Bikes/Electric Hybrid Bikes,1
19Apollo Summit 10 Gloss Silver White Blue 14in,WSM,"26""",Bikes 0400 - 0700,"Root Catalog/Bikes/Kids Bikes/26"" Wheel (145 - 160cm)",1
Merida21 Matts 6.5 V 15in Glossy Teal Blue Black,WSM,"26""",Bikes 0400 - 0700,"Root Catalog/Bikes/Kids Bikes/26"" Wheel (145 - 160cm)",4
Merida21 Speeder 20 W WSM Matt Blue White,WSM,"29""",Bikes 0700 - 1000,Root Catalog/Bikes/Commuter & Recreation Bikes/Flatbar Road,1
Pedal Uptown Classic Blue  17in,WSM,700c,Bikes 0 - 0400,Root Catalog/Bikes/Cruiser Bikes,1
Pedal Uptown Classic Green  17in,WSM,700c,Bikes 0 - 0400,Root Catalog/Bikes/Cruiser Bikes,1
Pedal Uptown Classic White  17in,WSM,700c,Bikes 0 - 0400,Root Catalog/Bikes/Cruiser Bikes,1
Apollo Villa Purple 16.5in,WSM,700c,Bikes 0400 - 0700,Root Catalog/Bikes/Cruiser Bikes,1
Bike Pedal Uptown DLX  Black 16in,WSM,700c,Bikes 0400 - 0700,Root Catalog/Bikes/Cruiser Bikes,1
Pedal Uptown DLX Rose Gold 16.5in,WSM,700c,Bikes 0400 - 0700,Root Catalog/Bikes/Cruiser Bikes,2
Pedal Uptown DLX Mint Green 16.5in,WSM,700c,Bikes 0400 - 0700,Root Catalog/Bikes/Cruiser Bikes,1
Merida21 Crossway 20 47cm Blue Steel Blue White,WSM,700c,Bikes 0400 - 0700,Root Catalog/Bikes/Commuter & Recreation Bikes/Hybrid,1
Merida21 Crossway 10 V 46cm Silk Anthracite Grey Black,WSM,700c,Bikes 0400 - 0700,Root Catalog/Bikes/Commuter & Recreation Bikes/Hybrid,2
Merida21 Speeder 10 V W WSM Glossy Grey Black Teal,WSM,700c,Bikes 0400 - 0700,Root Catalog/Bikes/Commuter & Recreation Bikes/Flatbar Road,2
Merida21 Crossway 100 47cm Teal Blue Silver Blue Lime,WSM,700c,Bikes 0700 - 1000,Root Catalog/Bikes/Commuter & Recreation Bikes/Hybrid,1
Merida21 Scultura Rim 100 W WSM Blue White,WSM,700c,Bikes 1000 - 1500,Root Catalog/Bikes/Road Bikes/Drop Bar Road,2
Pedal Comet ST Black Orange 46cm,WSM,700c,Bikes 1000 - 1500,Root Catalog/Electric Bikes/Electric Hybrid Bikes,2
Merida21 Crossway 500 47cm Glossy Black Matt Silver,WSM,700c,Bikes 1000 - 1500,Root Catalog/Bikes/Commuter & Recreation Bikes/Hybrid,1
Merida21 eSpresso 300 SE EQ 504Wh W WSM Silk Green Black,WSM,700c,Bikes 3000 - 4000,Root Catalog/Electric Bikes/Electric Hybrid Bikes,1
Silverback 21 Splash Comp 29 38cm Blue / Sky Blue,WSM,"29"" / 27.5""",Bikes 0700 - 1000,,2
Merida21 Matts 7.10 D 15in Blue Teal,WSM,"27.5"" (650b)",Bikes 0400 - 0700,Root Catalog/Bikes/Mountain Bikes/27.5 inch,2
Velectrix Urban+ Step Through Grey 2020 42cm,WXS,,Bikes 2000 - 3000,Root Catalog/Electric Bikes/Electric Hybrid Bikes,1
Merida21 Matts 6.5 V 13.5in Black Teal,WXS,"26""",Bikes 0400 - 0700,"Root Catalog/Bikes/Kids Bikes/26"" Wheel (145 - 160cm)",1
Merida21 Matts 6.5 V 13.5in Glossy Teal Blue Black,WXS,"26""",Bikes 0400 - 0700,"Root Catalog/Bikes/Kids Bikes/26"" Wheel (145 - 160cm)",2
Merida21 Crossway 20 43cm Blue Steel Blue White,WXS,700c,Bikes 0400 - 0700,Root Catalog/Bikes/Commuter & Recreation Bikes/Hybrid,1
Merida21 Crossway 10 V 42cm Silk Anthracite Grey Black,WXS,700c,Bikes 0400 - 0700,Root Catalog/Bikes/Commuter & Recreation Bikes/Hybrid,2
Pedal Jet 2  Mint WXS,WXS,700c,Bikes 0400 - 0700,Root Catalog/Bikes/Commuter & Recreation Bikes/Flatbar Road,1
Merida21 Speeder 10 V W WXS Glossy Grey Black Teal,WXS,700c,Bikes 0400 - 0700,Root Catalog/Bikes/Commuter & Recreation Bikes/Flatbar Road,1
Merida21 Crossway 100 43cm Teal Blue Silver Blue Lime,WXS,700c,Bikes 0700 - 1000,Root Catalog/Bikes/Commuter & Recreation Bikes/Hybrid,1
Pedal Ranger 3 Lilac Teal 13in,WXS,"27.5"" (650b)",Bikes 0 - 0400,Root Catalog/Bikes/Mountain Bikes/27.5 inch,1
Norco 21 Storm 4 27 WXS Charcoal/Jade,WXS,"27.5"" (650b)",Bikes 0400 - 0700,Root Catalog/Bikes/Mountain Bikes/27.5 inch,1
Merida21 Matts 7.10 D 13.5in Blue Teal,WXS,"27.5"" (650b)",Bikes 0400 - 0700,Root Catalog/Bikes/Mountain Bikes/27.5 inch,1
Norco 21 Storm 5 27 WXS Ultraviolet/Pink,WXS,"27.5"" (650b)",Bikes 0400 - 0700,Root Catalog/Bikes/Mountain Bikes/27.5 inch,1
Norco 2021 Storm 5 27.5 XXS Silver/Black,XXS,"27.5"" (650b)",Bikes 0400 - 0700,Root Catalog/Bikes/Mountain Bikes/27.5 inch,1
Norco 21 Storm 5 27 WXXS Ultraviolet/Pink,WXXS,"27.5"" (650b)",Bikes 0400 - 0700,Root Catalog/Bikes/Mountain Bikes/27.5 inch,1
Merida21 Speeder 20 MD/LG Anthracite Black,MD/LG,"29""",Bikes 0700 - 1000,Root Catalog/Bikes/Commuter & Recreation Bikes/Flatbar Road,2
Merida21 Crossway 10 V MD/LG Silk Anthracite Grey Black,MD/LG,700c,Bikes 0400 - 0700,Root Catalog/Bikes/Commuter & Recreation Bikes/Hybrid,1
Merida21 Speeder 10 V MD/LG Matt Black Silver,MD/LG,700c,Bikes 0400 - 0700,Root Catalog/Bikes/Commuter & Recreation Bikes/Flatbar Road,2
Pedal Raider 2 Navy Tan 55cm,MD/LG,700c,Bikes 0700 - 1000,Root Catalog/Bikes/Road Bikes/Drop Bar Road,1
Merida21 Scultura Rim 100 MD/LG Silk Titan Black Green,MD/LG,700c,Bikes 1000 - 1500,Root Catalog/Bikes/Road Bikes/Drop Bar Road,1
Merida21 Speeder 200 MD/LG Golden Red Black,MD/LG,700c,Bikes 1000 - 1500,Root Catalog/Bikes/Commuter & Recreation Bikes/Flatbar Road,1
Merida21 Scultura Rim 400 MD/LG Metallic Black Grey,MD/LG,700c,Bikes 1500 - 2000,Root Catalog/Bikes/Road Bikes/Drop Bar Road,1
Merida21 Speeder 400 MD/LG Silk Teal Lime Black,MD/LG,700c,Bikes 1500 - 2000,Root Catalog/Bikes/Commuter & Recreation Bikes/Flatbar Road,1
Merida21 Scultura 400 MD/LG Golden Red Grey,MD/LG,700c,Bikes 2000 - 3000,Root Catalog/Bikes/Road Bikes/Drop Bar Road,1
Merida21 Speeder 20 SM/MD Anthracite Black,SM/MD,"29""",Bikes 0700 - 1000,Root Catalog/Bikes/Commuter & Recreation Bikes/Flatbar Road,1
Merida21 Crossway 10 V SM/MD Silk Anthracite Grey Black,SM/MD,700c,Bikes 0400 - 0700,Root Catalog/Bikes/Commuter & Recreation Bikes/Hybrid,1
Merida21 Speeder 10 V SM/MD Matt Black Silver,SM/MD,700c,Bikes 0400 - 0700,Root Catalog/Bikes/Commuter & Recreation Bikes/Flatbar Road,1
Pedal Raider 2 Navy Tan 52cm,SM/MD,700c,Bikes 0700 - 1000,Root Catalog/Bikes/Road Bikes/Drop Bar Road,1
Merida21 Speeder 200 SM/MD Golden Red Black,SM/MD,700c,Bikes 1000 - 1500,Root Catalog/Bikes/Commuter & Recreation Bikes/Flatbar Road,2
Merida21 Speeder 100 SM/MD Dark Blue Blue White,SM/MD,700c,Bikes 1000 - 1500,Root Catalog/Bikes/Commuter & Recreation Bikes/Flatbar Road,1
Merida21 Scultura 400 SM/MD Golden Red Grey,SM/MD,700c,Bikes 2000 - 3000,Root Catalog/Bikes/Road Bikes/Drop Bar Road,1
GT21 Siren 12 F Purple 12in,12inch,"12""",Bikes 0 - 0400,"Root Catalog/Bikes/Kids Bikes/12"" Wheel (78 - 94cm)",1
Mongoose 12 F LilGoose Pink 2020,12inch,"12""",Bikes 0 - 0400,"Root Catalog/Bikes/Kids Bikes/12"" Wheel (78 - 94cm)",2
Merida 22 Matts J12  Glossy Orange/Red,12inch,"12""",Bikes 0 - 0400,"Root Catalog/Bikes/Kids Bikes/12"" Wheel (78 - 94cm)",2
Merida 22 Matts J12  Silk Teal /Yellow,12inch,"12""",Bikes 0 - 0400,"Root Catalog/Bikes/Kids Bikes/12"" Wheel (78 - 94cm)",1
Mongoose 12 M LilGoose Black/Blue 2019,12inch,"12""",Bikes 0 - 0400,"Root Catalog/Bikes/Kids Bikes/12"" Wheel (78 - 94cm)",1
Mongoose 12 M LilGoose Silver/Red 2020,12inch,"12""",Bikes 0 - 0400,"Root Catalog/Bikes/Kids Bikes/12"" Wheel (78 - 94cm)",2
Pedal Hoot Alloy  Blue 16in,16inch,"16""",Bikes 0 - 0400,"Root Catalog/Bikes/Kids Bikes/16"" Wheel (84 - 112cm)",3
Mongoose 16 M MityGoose Red 2020,16inch,"16""",Bikes 0 - 0400,"Root Catalog/Bikes/Kids Bikes/16"" Wheel (84 - 112cm)",1
Mongoose 16 M MityGoose Blue 2020,16inch,"16""",Bikes 0 - 0400,"Root Catalog/Bikes/Kids Bikes/16"" Wheel (84 - 112cm)",2
Pedal Hoot Alloy  Pink White 16in,16inch,"16""",Bikes 0 - 0400,"Root Catalog/Bikes/Kids Bikes/16"" Wheel (84 - 112cm)",3
Mongoose 16 F MissyGoose Blue 2020,16inch,"16""",Bikes 0 - 0400,"Root Catalog/Bikes/Kids Bikes/16"" Wheel (84 - 112cm)",1
Mongoose 16 F MissyGoose Pink 2020,16inch,"16""",Bikes 0 - 0400,"Root Catalog/Bikes/Kids Bikes/16"" Wheel (84 - 112cm)",2
Mongoose 16 M MityGoose Green 2020,16inch,"16""",Bikes 0 - 0400,"Root Catalog/Bikes/Kids Bikes/16"" Wheel (84 - 112cm)",1
Mongoose 16 M MityGoose Silver 2020,16inch,"16""",Bikes 0 - 0400,"Root Catalog/Bikes/Kids Bikes/16"" Wheel (84 - 112cm)",1
Mongoose 16 F MissyGoose Purple 2020,16inch,"16""",Bikes 0 - 0400,"Root Catalog/Bikes/Kids Bikes/16"" Wheel (84 - 112cm)",2
Neo 16  Brushed Alloy Blue Black 2020,16inch,"16""",Bikes 0 - 0400,"Root Catalog/Bikes/Kids Bikes/16"" Wheel (84 - 112cm)",3
Neo 16  Brushed Alloy Pink White 2020,16inch,"16""",Bikes 0 - 0400,"Root Catalog/Bikes/Kids Bikes/16"" Wheel (84 - 112cm)",1
Neo 16  Brushed Alloy Orange Black 2020,16inch,"16""",Bikes 0 - 0400,"Root Catalog/Bikes/Kids Bikes/16"" Wheel (84 - 112cm)",2
Neo 16  Brushed Alloy Purple White 2020,16inch,"16""",Bikes 0 - 0400,"Root Catalog/Bikes/Kids Bikes/16"" Wheel (84 - 112cm)",3
Merida 22 Matts J16  Green /Black,16inch,"16""",Bikes 0400 - 0700,"Root Catalog/Bikes/Kids Bikes/16"" Wheel (84 - 112cm)",1
Merida 22 Matts J16  Pink /Blue/White,16inch,"16""",Bikes 0400 - 0700,"Root Catalog/Bikes/Kids Bikes/16"" Wheel (84 - 112cm)",2
Colony Horizon 16inch Black Polished 2020,16inch,"16""",Bikes 0400 - 0700,"Root Catalog/Bikes/Kids Bikes/16"" Wheel (84 - 112cm)",1
Merida 22 Matts J16  Dark Blue /Yellow/Blue,16inch,"16""",Bikes 0400 - 0700,"Root Catalog/Bikes/Kids Bikes/16"" Wheel (84 - 112cm)",2
Mongoose Legion L18 Silver 2020,18inch,"18""",Bikes 0 - 0400,Root Catalog/Bikes/Kids Bikes/Kids BMX,1
Academy 21 Origin 18in Gloss Black Polished,18inch,"18""",Bikes 0 - 0400,Root Catalog/Bikes/BMX Bikes/Freestyle BMX,1
Colony Horizon 18inch Black Polished 2020,18inch,"18""",Bikes 0400 - 0700,Root Catalog/Bikes/Kids Bikes/Kids BMX,1
Mongoose21 Legion L20 Green 20in,20inch,"20""",Bikes 0 - 0400,Root Catalog/Bikes/BMX Bikes/Freestyle BMX,1
Division21 Blitzer 20 Metallic Blue,20inch,"20""",Bikes 0 - 0400,Root Catalog/Bikes/BMX Bikes/Freestyle BMX,1
Division Blitzer 20inch Black Polished 2020,20inch,"20""",Bikes 0 - 0400,Root Catalog/Bikes/BMX Bikes/Freestyle BMX,1
GT 21 Siren 20  Purple,20inch,"20""",Bikes 0 - 0400,"Root Catalog/Bikes/Kids Bikes/20"" Wheel (108 - 129cm)",3
GT Grunge 20 Gloss Black 2020,20inch,"20""",Bikes 0 - 0400,"Root Catalog/Bikes/Kids Bikes/20"" Wheel (108 - 129cm)",1
Mongoose 20 M Racer X Red 2020,20inch,"20""",Bikes 0 - 0400,"Root Catalog/Bikes/Kids Bikes/20"" Wheel (108 - 129cm)",2
Pedal Uptown Jnr 20 Mint Green,20inch,"20""",Bikes 0 - 0400,"Root Catalog/Bikes/Kids Bikes/20"" Wheel (108 - 129cm)",3
Mongoose 20 F LadyGoose Teal 2020,20inch,"20""",Bikes 0 - 0400,"Root Catalog/Bikes/Kids Bikes/20"" Wheel (108 - 129cm)",3
Pedal Bam Alloy  Purple White 20in,20inch,"20""",Bikes 0 - 0400,"Root Catalog/Bikes/Kids Bikes/20"" Wheel (108 - 129cm)",1
Mongoose 20 F LadyGoose Purple 2020,20inch,"20""",Bikes 0 - 0400,"Root Catalog/Bikes/Kids Bikes/20"" Wheel (108 - 129cm)",3
Neo 20  Brushed Alloy Red Black 2020,20inch,"20""",Bikes 0 - 0400,"Root Catalog/Bikes/Kids Bikes/20"" Wheel (108 - 129cm)",2
Neo 20  Brushed Alloy Pink White 2020,20inch,"20""",Bikes 0 - 0400,"Root Catalog/Bikes/Kids Bikes/20"" Wheel (108 - 129cm)",1
Neo 20  Brushed Alloy Lavender White 2020,20inch,"20""",Bikes 0 - 0400,"Root Catalog/Bikes/Kids Bikes/20"" Wheel (108 - 129cm)",1
Mongoose21 Legion L80 Blue 20in,20inch,"20""",Bikes 0400 - 0700,Root Catalog/Bikes/BMX Bikes/Freestyle BMX,1
Academy 21 Aspire 20in Orange Crackle,20inch,"20""",Bikes 0400 - 0700,Root Catalog/Bikes/BMX Bikes/Freestyle BMX,3
Academy 21 Aspire 20in Trans Dark Red,20inch,"20""",Bikes 0400 - 0700,Root Catalog/Bikes/BMX Bikes/Freestyle BMX,1
Division21 Brookside 20 Black Teal Fade,20inch,"20""",Bikes 0400 - 0700,Root Catalog/Bikes/BMX Bikes/Freestyle BMX,1
Division Reark 20inch Black Polished 2020,20inch,"20""",Bikes 0400 - 0700,Root Catalog/Bikes/BMX Bikes/Freestyle BMX,1
Academy 21 Entrant 20in Dark Grey Polished,20inch,"20""",Bikes 0400 - 0700,Root Catalog/Bikes/BMX Bikes/Freestyle BMX,1
Academy 21 Entrant 20in Gloss Black Rainbow,20inch,"20""",Bikes 0400 - 0700,Root Catalog/Bikes/BMX Bikes/Freestyle BMX,3
Merida 22 Matts J20 Lite  Berry/Pink,20inch,"20""",Bikes 0400 - 0700,"Root Catalog/Bikes/Kids Bikes/20"" Wheel (108 - 129cm)",1
Merida 22 Matts J20 Lite  Green/Red/Green,20inch,"20""",Bikes 0400 - 0700,"Root Catalog/Bikes/Kids Bikes/20"" Wheel (108 - 129cm)",2
Cult21 Control 20 Black,20inch,"20""",Bikes 0700 - 1000,Root Catalog/Bikes/BMX Bikes/Freestyle BMX,1
Cult21 Gateway 20 Black,20inch,"20""",Bikes 0700 - 1000,Root Catalog/Bikes/BMX Bikes/Freestyle BMX,1
Cult21 Gateway 20 White,20inch,"20""",Bikes 0700 - 1000,Root Catalog/Bikes/BMX Bikes/Freestyle BMX,1
Cult21 Control 20 Gloss Raw,20inch,"20""",Bikes 0700 - 1000,Root Catalog/Bikes/BMX Bikes/Freestyle BMX,1
Colony21 Premise 20 Gloss Black Polished,20inch,"20""",Bikes 0700 - 1000,Root Catalog/Bikes/BMX Bikes/Freestyle BMX,1
Pedal Zap  Black Yellow 20-G,20inch - G,"20""",Bikes 0 - 0400,"Root Catalog/Bikes/Kids Bikes/20"" Wheel (108 - 129cm)",4
Norco Storm 2.3  Purple 2021,20inch - G,"20""",Bikes 0400 - 0700,"Root Catalog/Bikes/Kids Bikes/20"" Wheel (108 - 129cm)",1
Mongoose21 Rockadile 20 F Silver,20inch - G,"20""",Bikes 0400 - 0700,"Root Catalog/Bikes/Kids Bikes/20"" Wheel (108 - 129cm)",2
Merida 22 Matts J20  Red /Orange/Black,20inch - G,"20""",Bikes 0400 - 0700,"Root Catalog/Bikes/Kids Bikes/20"" Wheel (108 - 129cm)",2
Merida 22 Matts J20  Orange /Blue/White,20inch - G,"20""",Bikes 0400 - 0700,"Root Catalog/Bikes/Kids Bikes/20"" Wheel (108 - 129cm)",3
Neo 20 6s  Brushed Alloy Black Red 2020,20inch - G,"20""",Bikes 0400 - 0700,"Root Catalog/Bikes/Kids Bikes/20"" Wheel (108 - 129cm)",2
Neo 20 6s  Brushed Alloy Lime Black 2020,20inch - G,"20""",Bikes 0400 - 0700,"Root Catalog/Bikes/Kids Bikes/20"" Wheel (108 - 129cm)",2
Merida 22 Matts J20  Barbie Blue /Pink/Grey,20inch - G,"20""",Bikes 0400 - 0700,"Root Catalog/Bikes/Kids Bikes/20"" Wheel (108 - 129cm)",2
Merida 22 Matts J20  Candy Pink /Light Blue,20inch - G,"20""",Bikes 0400 - 0700,"Root Catalog/Bikes/Kids Bikes/20"" Wheel (108 - 129cm)",1
Neo 20 6s  Brushed Alloy Navy Blue Lavender 2020,20inch - G,"20""",Bikes 0400 - 0700,"Root Catalog/Bikes/Kids Bikes/20"" Wheel (108 - 129cm)",1
Pedal Crush  Blue Orange 24-G,24inch - G,"24""",Bikes 0 - 0400,"Root Catalog/Bikes/Kids Bikes/24"" Wheel (125 - 148cm)",4
Pedal Crush  Turquoise Pink 24-G,24inch - G,"24""",Bikes 0 - 0400,"Root Catalog/Bikes/Kids Bikes/24"" Wheel (125 - 148cm)",5
Pedal Uptown Kids Rose Gold 24-G,24inch - G,"24""",Bikes 0 - 0400,"Root Catalog/Bikes/Kids Bikes/24"" Wheel (125 - 148cm)",1
Merida 22 Matts J24  Black/Grey/Red,24inch - G,"24""",Bikes 0400 - 0700,"Root Catalog/Bikes/Kids Bikes/24"" Wheel (125 - 148cm)",1
Merida 22 Matts J24  Teal/Dark Teal,24inch - G,"24""",Bikes 0400 - 0700,"Root Catalog/Bikes/Kids Bikes/24"" Wheel (125 - 148cm)",2
Neo 24 7s  Brushed Alloy Black Red 2020,24inch - G,"24""",Bikes 0400 - 0700,"Root Catalog/Bikes/Kids Bikes/24"" Wheel (125 - 148cm)",4
Merida 22 Matts J24  Dark Blue /Red/Blue,24inch - G,"24""",Bikes 0400 - 0700,"Root Catalog/Bikes/Kids Bikes/24"" Wheel (125 - 148cm)",1
Neo 24 7s  Brushed Alloy Purple Blue 2020,24inch - G,"24""",Bikes 0400 - 0700,"Root Catalog/Bikes/Kids Bikes/24"" Wheel (125 - 148cm)",2
Merida 22 Matts J24 Lite  Anthracite /Pink,24inch - G,"24""",Bikes 0400 - 0700,"Root Catalog/Bikes/Kids Bikes/24"" Wheel (125 - 148cm)",2
Merida 22 Matts J24  Pink /Barbie Blue/Grey,24inch - G,"24""",Bikes 0400 - 0700,"Root Catalog/Bikes/Kids Bikes/24"" Wheel (125 - 148cm)",2
Neo 24 7s  Brushed Alloy Sky Blue Charcoal 2020,24inch - G,"24""",Bikes 0400 - 0700,"Root Catalog/Bikes/Kids Bikes/24"" Wheel (125 - 148cm)",2
Merida 22 Matts J24 Lite  Matt Black /Green/White,24inch - G,"24""",Bikes 0400 - 0700,"Root Catalog/Bikes/Kids Bikes/24"" Wheel (125 - 148cm)",1
Neo 24 7s  Brushed Alloy Navy Blue Neon Green 2020,24inch - G,"24""",Bikes 0400 - 0700,"Root Catalog/Bikes/Kids Bikes/24"" Wheel (125 - 148cm)",2
Silverback 21 Skid 24D Se Suspension UNI Charcoal /  Lime,24inch - G,"24""",Bikes 0400 - 0700,"Root Catalog/Bikes/Kids Bikes/24"" Wheel (125 - 148cm)",1
Cruzee Bike Rose Gold,Kids Balance,,Bikes 0 - 0400,"Root Catalog/Bikes/Kids Bikes/12"" Wheel (78 - 94cm)",1
Cruzee Bike Red,Kids Balance,"12""",Bikes 0 - 0400,Root Catalog/Bikes/Kids Bikes/Balance Bikes,4
Cruzee Bike Blue,Kids Balance,"12""",Bikes 0 - 0400,Root Catalog/Bikes/Kids Bikes/Balance Bikes,2
Cruzee Bike Gold,Kids Balance,"12""",Bikes 0 - 0400,Root Catalog/Bikes/Kids Bikes/Balance Bikes,2
Cruzee Bike Pink,Kids Balance,"12""",Bikes 0 - 0400,Root Catalog/Bikes/Kids Bikes/Balance Bikes,3
Cruzee Bike Black,Kids Balance,"12""",Bikes 0 - 0400,Root Catalog/Bikes/Kids Bikes/Balance Bikes,2
Cruzee Bike Green,Kids Balance,"12""",Bikes 0 - 0400,Root Catalog/Bikes/Kids Bikes/Balance Bikes,5
Cruzee Bike Purple,Kids Balance,"12""",Bikes 0 - 0400,Root Catalog/Bikes/Kids Bikes/Balance Bikes,2
Pedal Glide Alloy Pink Balance,Kids Balance,"12""",Bikes 0 - 0400,Root Catalog/Bikes/Kids Bikes/Balance Bikes,1